demand_model,coverage_target,status,achieved_coverage,objective_value,selected_site_count,assignment_count,covered_demand,total_demand,runtime_seconds,selected_sites
WorldPop raster,0.05,Optimal,0.054936444919068364,1.005389136972982,1,3,52.73898712230563,960.0,0.07887349999509752,114
WorldPop raster,0.1,Optimal,0.10032252597822752,2.0141467081737443,2,7,96.30962493909843,960.0,0.2798767920467071,"114,156"
WorldPop raster,0.15000000000000002,Optimal,0.15305606243287334,3.0328748774588057,3,14,146.9338199355584,960.0,0.11684104200685397,"9,114,156"
WorldPop raster,0.2,Optimal,0.20064724595495342,5.042421531539672,5,19,192.6213561167553,960.0,0.5674557500169612,"9,51,92,114,156"
WorldPop raster,0.25,Optimal,0.25024752445707893,7.059543607927782,7,26,240.23762347879577,960.0,0.4905159999616444,"9,23,51,54,92,114,156"
WorldPop raster,0.3,Optimal,0.3007173245758254,10.079667041986168,10,37,288.6886315927924,960.0,0.6937096249894239,"9,23,38,51,54,92,114,156,172,177"
WorldPop raster,0.35000000000000003,Optimal,0.3500887866227982,13.111236191508032,13,51,336.08523515788625,960.0,0.45320141600677744,"9,23,38,51,54,69,92,114,156,160,172,177,180"
WorldPop raster,0.4,Optimal,0.4001851314199522,17.13654953739316,17,63,384.17772616315415,960.0,0.3695465420023538,"9,23,38,51,54,69,92,97,112,114,156,160,172,177,180,181,191"
WorldPop raster,0.45,Infeasible,0.0,,0,0,0.0,960.0,0.035659416986163706,
WorldPop raster,0.5,Infeasible,0.0,,0,0,0.0,960.0,0.03548308304743841,
WorldPop raster,0.55,Infeasible,0.0,,0,0,0.0,960.0,0.034383833000902086,
