demand_model,coverage_target,status,achieved_coverage,objective_value,selected_site_count,assignment_count,covered_demand,total_demand,runtime_seconds,selected_sites
City proxy,0.05,Optimal,0.05333417403020383,1.0074103279302802,1,4,51.20080706899567,959.9999999999999,0.08370595797896385,114
City proxy,0.1,Optimal,0.10007323361841744,2.019244658798098,2,9,96.07030427368073,959.9999999999999,0.13208608399145305,"9,114"
City proxy,0.15000000000000002,Optimal,0.15002679030823107,4.035513822137229,4,16,144.02571869590182,959.9999999999999,0.48901833296986297,"9,23,69,114"
City proxy,0.2,Optimal,0.20000317471826262,6.059810398431918,6,27,192.00304772953208,959.9999999999999,0.4942182499798946,"9,23,69,114,133,191"
City proxy,0.25,Optimal,0.25014615842395566,9.080830011351393,9,38,240.14031208699743,959.9999999999999,0.4472998330020346,"9,23,49,51,69,112,114,133,177"
City proxy,0.3,Optimal,0.3002439651472795,12.117191870218981,12,55,288.2342065413883,959.9999999999999,0.4027082090033218,"9,23,49,51,69,112,114,133,137,160,177,186"
City proxy,0.35000000000000003,Optimal,0.3506991747686937,15.192346413597479,15,89,336.67120777794594,959.9999999999999,0.5300040420261212,"9,23,48,49,51,69,112,114,133,137,160,177,186,191,198"
City proxy,0.4,Optimal,0.40085585326652196,19.224873882544575,19,102,384.82161913586106,959.9999999999999,0.3758129999623634,"9,11,23,38,49,51,54,69,92,112,114,121,133,137,160,177,186,191,198"
City proxy,0.45,Infeasible,0.0,,0,0,0.0,959.9999999999999,0.03742816601879895,
City proxy,0.5,Infeasible,0.0,,0,0,0.0,959.9999999999999,0.037224458006676286,
City proxy,0.55,Infeasible,0.0,,0,0,0.0,959.9999999999999,0.03571937495144084,
